"ModelN","VarGroup","Model","NumPredictors","MixedEffects","Effects","masterrank_global","masterrank_family","ModelName","value_Rsq","value_AIC","value_BIC","value_RMSE","value_RMSE.Std","value_RMSE.CVmean","value_RMSE.CVsd","value_Singular","value_Sig","value_ICC","maxVIF","value_ICC2","globalrank_Rsq","globalrank_AIC","globalrank_BIC","globalrank_RMSE","globalrank_RMSE.Std","globalrank_RMSE.CVmean","globalrank_RMSE.CVsd","globalrank_Singular","globalrank_Sig","globalrank_ICC","globalrank_ICC2","familyrank_Rsq","familyrank_AIC","familyrank_BIC","familyrank_RMSE","familyrank_RMSE.Std","familyrank_RMSE.CVmean","familyrank_RMSE.CVsd","familyrank_Singular","familyrank_Sig","familyrank_ICC","familyrank_ICC2","globalranks_mean","familyranks_mean"
16,16,"DBH.cm, Height.m, CanopyDiameter.m, WoodDensity.g.cm3",4,"Site","MixedInt",1,1,"16.MixedInt_Site",0.96152,18.56644,41.79328,0.23236,0.05852,0.24906,0.0266,0,0.2354,0.33031,4.2076,0.33031,10.5,4,1,10.5,11.5,5,2,24,9.5,17,53.5,3.5,2,1,3.5,3.5,2,1,1.5,3.5,1,2.5,7.1,2.7
12,12,"DBH.cm, Height.m, CanopyDiameter.m",3,"Species&Site","MixedInt",2,1,"12.MixedInt_Species&Site",0.9605,26.44317,49.67001,0.23248,0.05855,0.24314,0.03229,0,0.23662,0.42893,4.22674,0.42893,12,7,3,12,13,2,7,24,11,12,66,3,2,1,3,3,1,1,2,3,1,4,9,2.4
14,14,"DBH.cm, CanopyDiameter.m, WoodDensity.g.cm3",3,"Site","MixedInt",3,1,"14.MixedInt_Site",0.95921,40.43938,60.3481,0.24363,0.06136,0.24529,0.06545,0,0.24702,0.51768,2.86642,0.51768,16.5,11,6,19.5,20,4,60,24,16.5,2,80,3.5,3,2,3.5,3.5,1,5,1.5,3.5,1,4,13.9,3.1
7,7,"DBH.cm, CanopyDiameter.m",2,"Species&Site","MixedInt",4,1,"7.MixedInt_Species&Site",0.95805,47.25437,67.16309,0.24367,0.06136,0.25132,0.05788,0,0.24818,0.55404,2.74967,0.55404,18,14,8,21,20,6,48,24,20,1,83,2,1,1,2,2,1,6,2,2,1,4,16.2,1.6
12,12,"DBH.cm, Height.m, CanopyDiameter.m",3,"Site","MixedInt",5,2,"12.MixedInt_Site",0.95357,49.36321,69.27192,0.25302,0.06372,0.26219,0.04806,0,0.25622,0.25901,4.0083,0.25901,24,18,10,23,23,10,31,24,23,24,42,5,5,3,5,5,3,3,2,5,2,2,19.6,4.6
12,12,"DBH.cm, Height.m, CanopyDiameter.m",3,"Species","MixedInt",6,3,"12.MixedInt_Species",0.94958,47.59758,67.5063,0.25688,0.06469,0.25834,0.0597,0,0.25867,0.18417,4.17384,0.18417,29,16,9,24,25,9,51,24,24,31,32,6,4,2,6,6,2,4,2,6,3,1,20.4,4.8
7,7,"DBH.cm, CanopyDiameter.m",2,"Site","MixedInt",7,2,"7.MixedInt_Site",0.95166,69.00058,85.59118,0.26322,0.06629,0.27515,0.04936,0,0.26685,0.47542,2.58585,0.47542,26,25,17,31,31,18,34,24,30,4,75,4,4,2,4,4,3,4,2,4,2,3,25.8,3.6
16,16,"DBH.cm, Height.m, CanopyDiameter.m, WoodDensity.g.cm3",4,NA,"Fixed",8,2,"16.Fixed",0.94455,54.0067,73.91542,0.26821,0.06755,0.26885,0.05069,NA,0.27156,NA,4.15314,NA,38,21,13,32,32,13,35,NA,32,NA,NA,7,6,5,7,7,4,2,NA,7,NA,NA,27.2,6.4
4,4,"Comp.DBH.H.Den",1,"Site","MixedIntSlope",9,1,"4.MixedIntSlope_Site",0.95105,87.50824,108.36702,0.25707,0.0645,0.26715,0.06409,0,0.2639,0.4592,-Inf,0.46296,27,31,28,25,24,12,58,24,26,6,73,2,2,2,2,2,2,6,3,2,1,5,27.4,2
13,13,"DBH.cm, Height.m, WoodDensity.g.cm3",3,"Site","MixedInt",10,1,"13.MixedInt_Site",0.94846,75.32483,96.18361,0.26309,0.06601,0.27135,0.05091,0,0.2666,0.2709,1.96414,0.2709,32.5,28,21,28.5,28.5,14,36,24,28.5,23,43.5,3.5,3,2,3.5,3.5,1,5,1.5,3.5,1,2.5,27.7,3.1
6,6,"DBH.cm, Height.m",2,"Species&Site","MixedInt",11,1,"6.MixedInt_Species&Site",0.94778,84.53283,105.39161,0.2631,0.06602,0.27509,0.04543,0,0.2677,0.43427,2.0313,0.43427,34,30,26,30,30,17,25,24,31,11,67,3,1,1,2,2,1,6,2.5,2,1,3,30.2,1.8
12,12,"DBH.cm, Height.m, CanopyDiameter.m",3,NA,"Fixed",12,4,"12.Fixed",0.93915,70.97163,87.56223,0.28097,0.07076,0.28525,0.04164,NA,0.28377,NA,3.99321,NA,43,27,18,40,40,21,14,NA,40,NA,NA,7,7,5,7,7,4,2,NA,7,NA,NA,33.6,6.6
4,4,"Comp.DBH.H.Den",1,"Species&Site","MixedInt",13,2,"4.MixedInt_Species&Site",0.94357,100.77297,118.15529,0.27382,0.06871,0.27756,0.05745,0,0.27863,0.37782,-Inf,0.37782,39,36,33,36,36,19,47,24,35,13,63,3,3,3,3,3,3,5,3,3,2,4,35.8,3
8,8,"DBH.cm, WoodDensity.g.cm3",2,"Species&Site","MixedInt",14,1,"8.MixedInt_Species&Site",0.94888,115.30021,136.75591,0.27726,0.06959,0.28671,0.04619,0,0.28173,0.34606,1.00029,0.34606,30,44,39,38,38,23,29,24,37,15,55,3,4,3,3,3,2,3,2,3,2,3,37.6,3.2
8,8,"DBH.cm, WoodDensity.g.cm3",2,"Site","MixedInt",15,2,"8.MixedInt_Site",0.94875,113.5184,131.39815,0.27812,0.06981,0.28498,0.04572,0,0.28217,0.36019,1.00054,0.36019,31,43,37,39,39,20,26,24,39,14,58,4,3,2,4,4,1,2,2,4,1,4,37.8,3.4
7,7,"DBH.cm, CanopyDiameter.m",2,"Species","MixedInt",16,3,"7.MixedInt_Species",0.93885,95.37374,111.96434,0.28901,0.07278,0.29616,0.03107,0,0.29108,0.28468,2.80758,0.28468,44,33,29,45,45,29,6,24,45.5,21,48,6,5,5,6,6,4,2,2,6,3,1,39.3,5.6
1,1,"DBH.cm",1,"Species&Site","MixedInt",17,1,"1.MixedInt_Species&Site",0.94777,120.42181,138.30155,0.27706,0.06954,0.2863,0.05528,0,0.28211,0.49119,-Inf,0.49119,35,47,41,37,37,22,43,24,38,3,78,2,2,2,2,2,2,5,3,2,1,5,39.6,2
14,14,"DBH.cm, CanopyDiameter.m, WoodDensity.g.cm3",3,"Species","MixedInt",18,2,"14.MixedInt_Species",0.93982,96.50317,116.41189,0.28904,0.07279,0.29231,0.04321,0,0.29108,0.2269,2.82339,0.2269,42,34,31,46,46,24,20,24,45.5,29,35,6,5,5,6,6,3,2,1.5,6,2,1,39.7,5.6
6,6,"DBH.cm, Height.m",2,"Species","MixedInt",19,2,"6.MixedInt_Species",0.9348,107.39849,124.78081,0.28852,0.07239,0.29405,0.03105,0,0.29029,0.27951,1.64384,0.27951,48,41,34,43,43,26,5,24,43,22,47,5,4,2,5,5,2,1,2.5,5,2,2,41.8,4.2
13,13,"DBH.cm, Height.m, WoodDensity.g.cm3",3,"Species","MixedInt",20,2,"13.MixedInt_Species",0.93488,106.26738,127.12617,0.28869,0.07244,0.29486,0.04261,0,0.29035,0.11044,1.62518,0.11044,47,40,35,44,44,27,18,24,44,36,24,6,6,5,6,6,3,3,1.5,6,2,1,42,5.8
13,13,"DBH.cm, Height.m, WoodDensity.g.cm3",3,NA,"Fixed",21,3,"13.Fixed",0.92574,118.27774,135.66006,0.30349,0.07615,0.30919,0.03789,NA,0.30606,NA,1.42423,NA,53,45,38,49,49,35,10,NA,48,NA,NA,7,7,6,7,7,4,2,NA,7,NA,NA,46.6,6.8
4,4,"Comp.DBH.H.Den",1,"Site","MixedInt",22,3,"4.MixedInt_Site",0.93339,128.5978,142.50365,0.29785,0.07474,0.29808,0.07115,0,0.30166,0.2174,-Inf,0.2174,50,48,43,47,47,30,67,24,47,30,34,4,4,4,4,4,4,7,3,4,3,3,47,4
1,1,"DBH.cm",1,"Site","MixedIntSlope",23,2.5,"1.MixedIntSlope_Site",0.93803,163.22181,184.67751,0.30174,0.07574,0.31423,0.06169,0,0.3079,0.29856,-Inf,0.37557,45,59,59,48,48,40,55,24,49,20,62,3,5,5,3,3,4,6,3,3,4,4,52,3.8
1,1,"DBH.cm",1,"Species","MixedIntSlope",24,2.5,"1.MixedIntSlope_Species",0.93465,158.39128,179.84698,0.30773,0.07724,0.31305,0.06367,0,0.31062,0.3359,-Inf,0.37136,49,55,57,51,51,38,57,24,51,16,60,4,3,4,4,4,3,7,3,4,2,3,52.6,3.8
4,4,"Comp.DBH.H.Den",1,"Species","MixedIntSlope",25,4,"4.MixedIntSlope_Species",0.92146,146.70363,167.56241,0.3118,0.07824,0.32145,0.04656,0,0.31465,0.11118,-Inf,0.12334,56,52,52,52,52,44,30,24,52,35,25,5,6,6,5,5,6,3,3,5,4,2,52.8,5.4
14,14,"DBH.cm, CanopyDiameter.m, WoodDensity.g.cm3",3,NA,"Fixed",26,3,"14.Fixed",0.91787,132.16269,148.75329,0.32644,0.08221,0.32353,0.08406,NA,0.32968,NA,3.23583,NA,58,49,45,57,57,45,77,NA,57,NA,NA,7,7,6,7,7,5,7,NA,7,NA,NA,53.2,6.8
6,6,"DBH.cm, Height.m",2,"Site","MixedInt",27,3,"6.MixedInt_Site",0.92451,152.19585,169.57817,0.31403,0.07879,0.32561,0.04181,0,0.31768,0.13863,1.85464,0.13863,54,53,53,53,53,47,15,24,56,33,27,6,6,6,6,6,5,2,2.5,6,3,1,53.8,6
1,1,"DBH.cm",1,"Species","MixedInt",28,4,"1.MixedInt_Species",0.9306,161.27436,175.57816,0.31497,0.07906,0.31829,0.05149,0,0.31673,0.31212,-Inf,0.31212,52,58,55,54,54,42,37,24,53,19,52,5,4,3,5,5,5,4,3,5,3,2,54.4,4.4
8,8,"DBH.cm, WoodDensity.g.cm3",2,"Species","MixedInt",29,3,"8.MixedInt_Species",0.93185,160.65473,178.53447,0.31504,0.07907,0.3161,0.0532,0,0.31674,0.15393,1.00023,0.15393,51,57,56,55,55,41,39,24,54,32,28,6,6,5,6,6,5,4,2,6,3,1,54.6,5.8
7,7,"DBH.cm, CanopyDiameter.m",2,NA,"Fixed",30,4,"7.Fixed",0.91195,144.36423,157.63671,0.338,0.08512,0.33995,0.06079,NA,0.34051,NA,2.90776,NA,60,50,49,61,61,53,53,NA,61,NA,NA,7,7,7,7,7,7,7,NA,7,NA,NA,56.2,7
4,4,"Comp.DBH.H.Den",1,NA,"Fixed",31,5,"4.Fixed",0.91018,159.74172,170.17111,0.33377,0.08375,0.33389,0.04837,NA,0.33518,NA,-Inf,NA,61,56,54,58,58,49,32,NA,58,NA,NA,7,7,7,7,7,7,4,NA,7,NA,NA,57.4,7
1,1,"DBH.cm",1,"Site","MixedInt",32,5,"1.MixedInt_Site",0.92416,203.60057,217.90437,0.33438,0.08393,0.34786,0.04589,0,0.33887,0.22976,-Inf,0.22976,55,62,62,59,59,55,28,24,59,28,36,6,6,6,6,6,6,3,3,6,5,1,59.4,6
6,6,"DBH.cm, Height.m",2,NA,"Fixed",33,4,"6.Fixed",0.90826,166.79339,180.69924,0.33732,0.08464,0.33926,0.04364,NA,0.33945,NA,1.42357,NA,62,60,58,60,60,52,21,NA,60,NA,NA,7,7,7,7,7,6,4,NA,7,NA,NA,60,7
8,8,"DBH.cm, WoodDensity.g.cm3",2,NA,"Fixed",34,4,"8.Fixed",0.91573,190.09591,204.3997,0.34162,0.08574,0.34162,0.04281,NA,0.34358,NA,1.00626,NA,59,61,61,62,62,54,19,NA,62,NA,NA,7,7,7,7,7,7,1,NA,7,NA,NA,61,7
1,1,"DBH.cm",1,NA,"Fixed",35,6,"1.Fixed",0.89737,240.11079,250.83863,0.37699,0.09462,0.37748,0.04036,NA,0.37842,NA,-Inf,NA,63,63,63,63,63,61,12,NA,63,NA,NA,7,7,7,7,7,7,2,NA,7,NA,NA,63,7
9,9,"Height.m, CanopyDiameter.m",2,NA,"Fixed",36,1,"9.Fixed",0.84437,260.55266,273.82514,0.44936,0.11317,0.45023,0.06447,NA,0.4527,NA,1.1334,NA,78,66,64,77.5,77.5,67,59,NA,76,NA,NA,7,3,1,6.5,6.5,3,2,NA,7,NA,NA,72.3,4.9
15,15,"Height.m, CanopyDiameter.m, WoodDensity.g.cm3",3,NA,"Fixed",37,1,"15.Fixed",0.84451,262.37465,278.96525,0.44916,0.11312,0.45021,0.08733,NA,0.45363,NA,1.22131,NA,77,70,66,75.5,75.5,66,81,NA,78,NA,NA,7,3,1,6.5,6.5,3,5,NA,7,NA,NA,73.3,4.9
5,5,"Comp.Can.H.Den",1,NA,"Fixed",38,1,"5.Fixed",0.82266,285.1924,295.14676,0.47968,0.1208,0.48112,0.07316,NA,0.48205,NA,-Inf,NA,84,80,73,83.5,83.5,79,70,NA,84,NA,NA,7,3,1,6.5,6.5,5,4,NA,7,NA,NA,80.9,4.9
3,3,"CanopyDiameter.m",1,"Site","MixedIntSlope",39,1,"3.MixedIntSlope_Site",0.80282,368.55576,388.46448,0.53877,0.13568,0.56534,0.11351,0,0.55062,0.32289,-Inf,0.30417,87,85,86,88,88,85,99,24,88,18,51,2,1,2,2,2,2,6,3,2,1,5,86.8,1.8
11,11,"CanopyDiameter.m, WoodDensity.g.cm3",2,"Site","MixedInt",40,1,"11.MixedInt_Site",0.76718,372.5347,389.1253,0.56218,0.14158,0.58443,0.06365,0,0.56922,0.2403,1.03954,0.2403,93.5,88,87,89.5,89.5,88,56,24,89.5,26,40.5,3.5,1,1,3.5,3.5,2,2,1.5,3.5,1,3.5,89.5,2.5
3,3,"CanopyDiameter.m",1,"Site","MixedInt",41,2,"3.MixedInt_Site",0.76678,371.07509,384.34757,0.56303,0.14179,0.57999,0.13608,0,0.57006,0.23799,-Inf,0.23799,95.5,87,85,91.5,91.5,87,108,24,91.5,27,38.5,3.5,3,1,3.5,3.5,3,7,3,3.5,2,3.5,90.1,2.9
3,3,"CanopyDiameter.m",1,NA,"Fixed",42,3,"3.Fixed",0.69891,393.17753,403.13189,0.62502,0.1574,0.62108,0.11325,NA,0.62811,NA,-Inf,NA,106,93,91,98,98,92,98,NA,97,NA,NA,7,5,5,7,7,5,5,NA,7,NA,NA,97,6.2
11,11,"CanopyDiameter.m, WoodDensity.g.cm3",2,NA,"Fixed",43,2,"11.Fixed",0.69952,394.76236,408.03484,0.62438,0.15724,0.63426,0.03639,NA,0.62903,NA,1.06778,NA,105,95,94,97,97,97,8,NA,98,NA,NA,7,5,4,7,7,7,1,NA,7,NA,NA,97.8,6
10,10,"Height.m, WoodDensity.g.cm3",2,"Site","MixedIntSlope",44,1,"10.MixedIntSlope_Site",0.79083,535.40541,570.17005,0.65296,0.16384,0.77651,0.10972,0,0.66876,0.25741,1.00105,0.39481,89,99,105,100,100,105,95,24,100,25,64,1,1,3,1,1,3,4,2.5,1,3,3,98.6,1.4
2,2,"Height.m",1,"Site","MixedIntSlope",45,1,"2.MixedIntSlope_Site",0.77219,538.40224,559.26102,0.67297,0.16886,0.70525,0.11019,0,0.68777,0.45895,-Inf,0.40712,92,101,102,101,101,100,96,24,102,7,65,2,2,3,2,2,2,3,2.5,2,2,3,99.6,2.2
2,2,"Height.m",1,"Species&Site","MixedInt",46,2,"2.MixedInt_Species&Site",0.75698,539.26499,556.64731,0.68133,0.17096,0.70576,0.11301,0,0.69376,0.46589,-Inf,0.46589,97,103,100,103,103,101,97,24,103,5,74,3,3,1,3,3,3,4,2.5,3,1,6,101.2,2.6
10,10,"Height.m, WoodDensity.g.cm3",2,"Site","MixedInt",47,3,"10.MixedInt_Site",0.75295,538.95586,556.33817,0.68808,0.17265,0.70577,0.09381,0,0.69821,0.4589,1.00003,0.4589,99,102,99,105,105,102,90,24,105,8,72,4,2,1,4,4,1,2,2.5,4,1,6,102,3
10,10,"Height.m, WoodDensity.g.cm3",2,"Species&Site","MixedInt",48,2,"10.MixedInt_Species&Site",0.75573,539.84242,560.7012,0.68188,0.17109,0.71435,0.1,0,0.69383,0.45194,1.00003,0.45194,98,104,103,104,104,103,93,24,104,9,70,3,3,2,3,3,2,3,2.5,3,2,5,102.6,2.8
2,2,"Height.m",1,"Site","MixedInt",49,3,"2.MixedInt_Site",0.74412,544.64095,558.54681,0.6996,0.17554,0.7197,0.08563,0,0.70986,0.45071,-Inf,0.45071,100,105,101,106,106,104,80,24,106,10,69,4,4,2,4,4,4,2,2.5,4,3,4,103.6,3.6
2,2,"Height.m",1,"Species","MixedInt",50,4,"2.MixedInt_Species",0.49637,594.63329,608.53914,0.80781,0.20269,0.81345,0.08477,0,0.81252,0.12841,-Inf,0.12841,109,108,106,109,109,108,78,24,109,34,26,6,6,5,6,6,6,1,2.5,6,4,2,108.2,5.8
10,10,"Height.m, WoodDensity.g.cm3",2,"Species","MixedInt",51,4,"10.MixedInt_Species",0.49602,595.91503,613.29735,0.80797,0.20273,0.82169,0.03696,0,0.81256,0.10096,1.00001,0.10096,110,109,109,110,110,109,9,24,110,37,23,6,5,5,6,6,5,1,2.5,6,4,2,109.6,5.6
10,10,"Height.m, WoodDensity.g.cm3",2,NA,"Fixed",52,5,"10.Fixed",0.41304,610.38712,624.29297,0.85324,0.21409,0.85576,0.14148,NA,0.85865,NA,1.00001,NA,111,111,110,111,111,111,109,NA,111,NA,NA,7,7,6,7,7,7,6,NA,7,NA,NA,110.8,6.8
2,2,"Height.m",1,NA,"Fixed",53,5,"2.Fixed",0.39125,617.09898,627.52837,0.86893,0.21803,0.87139,0.11477,NA,0.87259,NA,-Inf,NA,112,112,111,112,112,112,100,NA,112,NA,NA,7,7,7,7,7,7,5,NA,7,NA,NA,111.8,7
1,1,"DBH.cm",1,"Species&Site","MixedIntSlope",54,7,"1.MixedIntSlope_Species&Site",0.96032,70.76855,102.9521,0.24087,0.06046,0.25429,0.02659,1,0.24774,NA,-Inf,0.58587,14,26,24,15,15,7,1,72,18,46,86,1,1,1,1,1,1,1,6,1,6,6,NA,NA
2,2,"Height.m",1,"Species&Site","MixedIntSlope",55,6,"2.MixedIntSlope_Species&Site",0.79001,535.86542,567.15359,0.65066,0.16326,0.68395,0.1458,1,0.66806,NA,-Inf,0.45405,90,100,104,99,99,99,110,72,99,47,71,1,1,4,1,1,1,7,5.5,1,5,5,NA,NA
2,2,"Height.m",1,"Species","MixedIntSlope",56,7,"2.MixedIntSlope_Species",0.52914,592.25593,613.11471,0.79645,0.19984,0.80522,0.11617,1,0.80114,NA,-Inf,0.09889,108,107,108,108,108,107,101,72,108,48,22,5,5,6,5,5,5,6,5.5,5,6,1,NA,NA
3,3,"CanopyDiameter.m",1,"Species&Site","MixedInt",57,4,"3.MixedInt_Species&Site",0.76678,373.07509,389.66568,0.56303,0.14179,0.58587,0.06917,1,0.57006,NA,-Inf,0.23799,95.5,89,88,91.5,91.5,89,65,72,91.5,49,38.5,3.5,4,3,3.5,3.5,4,1,6,3.5,5,3.5,NA,NA
3,3,"CanopyDiameter.m",1,"Species&Site","MixedIntSlope",58,5,"3.MixedIntSlope_Species&Site",0.81552,370.31638,400.17946,0.52761,0.13287,0.56262,0.07573,0,0.54099,NA,-Inf,0.35075,86,86,90,85,85,84,71,24,85,50,57,1,2,4,1,1,1,2,3,1,6,6,NA,NA
3,3,"CanopyDiameter.m",1,"Species","MixedInt",59,6,"3.MixedInt_Species",0.71642,393.83487,407.10735,0.61613,0.15517,0.62752,0.0764,0,0.61884,0.0212,-Inf,0.0212,103,94,92,95,95,94,72,24,95,43,7,6,6,6,6,6,6,3,3,6,4,1,NA,NA
3,3,"CanopyDiameter.m",1,"Species","MixedIntSlope",60,7,"3.MixedIntSlope_Species",0.73179,396.32429,416.23301,0.60753,0.153,0.63054,0.08859,0,0.61264,0.04461,-Inf,0.03739,101,97,96,94,94,95,85,24,94,42,8,5,7,7,5,5,7,4,3,5,3,2,NA,NA
4,4,"Comp.DBH.H.Den",1,"Species&Site","MixedIntSlope",61,6,"4.MixedIntSlope_Species&Site",0.96046,53.78472,85.07289,0.23092,0.05794,0.24462,0.04582,1,0.23818,NA,-Inf,0.58571,13,20,16,9,9,3,27,72,12,51,85,1,1,1,1,1,1,2,6,1,6,6,NA,NA
4,4,"Comp.DBH.H.Den",1,"Species","MixedInt",62,7,"4.MixedInt_Species",0.91915,144.56945,158.4753,0.31573,0.07922,0.32141,0.04459,0,0.31751,0.09496,-Inf,0.09496,57,51,50,56,56,43,23,24,55,38,21,6,5,5,6,6,5,1,3,6,5,1,NA,NA
5,5,"Comp.Can.H.Den",1,"Species&Site","MixedInt",63,2,"5.MixedInt_Species&Site",0.82534,289.10781,305.69841,0.47798,0.12038,0.48318,0.0895,1,0.47873,NA,-Inf,0.00397,81.5,84,78,81.5,81.5,82,86,72,81.5,52,4.5,4.5,7,5,4.5,4.5,7,6,4,4.5,2,2.5,NA,NA
5,5,"Comp.Can.H.Den",1,"Species&Site","MixedIntSlope",64,3,"5.MixedIntSlope_Species&Site",0.85632,284.87402,314.7371,0.44713,0.11261,0.46512,0.09065,1,0.45336,NA,-Inf,0.09343,72,79,81,74,74,74,87,72,77,53,18.5,1,2,7,1,1,1,7,4,1,3,6,NA,NA
5,5,"Comp.Can.H.Den",1,"Species","MixedInt",65,4,"5.MixedInt_Species",0.82534,287.10781,300.38029,0.47798,0.12038,0.47909,0.08403,0,0.47873,0.00397,-Inf,0.00397,81.5,82,74,81.5,81.5,77,76,24,81.5,45,4.5,4.5,5,2,4.5,4.5,3,5,1,4.5,1,2.5,NA,NA
5,5,"Comp.Can.H.Den",1,"Species","MixedIntSlope",66,5,"5.MixedIntSlope_Species",0.83712,286.56657,306.47529,0.46697,0.1176,0.48127,0.05611,1,0.46953,NA,-Inf,0.0427,80,81,79,80,80,80,44,72,80,54,10,3,4,6,3,3,6,1,4,3,4,4,NA,NA
5,5,"Comp.Can.H.Den",1,"Site","MixedInt",67,6,"5.MixedInt_Site",0.82338,287.1924,300.46488,0.47968,0.1208,0.47967,0.07188,1,0.47968,NA,-Inf,0,83,83,75,83.5,83.5,78,68,72,83,55,2,6,6,3,6.5,6.5,4,3,4,6,5,1,NA,NA
5,5,"Comp.Can.H.Den",1,"Site","MixedIntSlope",68,7,"5.MixedIntSlope_Site",0.84034,284.68902,304.59774,0.45948,0.11572,0.47068,0.05997,1,0.46394,NA,-Inf,0.07041,79,78,77,79,79,76,52,72,79,56,13,2,1,4,2,2,2,2,4,2,6,5,NA,NA
6,6,"DBH.cm, Height.m",2,"Species&Site","MixedIntSlope",69,5,"6.MixedIntSlope_Species&Site",0.95594,88.88812,144.51154,0.24296,0.06096,0.30057,0.04392,0,0.25081,NA,1.10121,0.55392,21,32,44,17,16,32,22,24,21,57,82,1,2,4,1,1,3,5,2.5,1,4,5,NA,NA
6,6,"DBH.cm, Height.m",2,"Species","MixedIntSlope",70,6,"6.MixedIntSlope_Species",0.9522,103.05491,137.81955,0.27143,0.06811,0.67018,0.08798,1,0.2746,NA,1.01888,0.73973,25,38,40,34,34,98,82,72,34,58,96,2,3,3,3,3,7,7,5.5,3,5,6,NA,NA
6,6,"DBH.cm, Height.m",2,"Site","MixedIntSlope",71,7,"6.MixedIntSlope_Site",0.94461,119.51599,154.28062,0.27338,0.0686,0.31011,0.0425,1,0.28018,NA,1.08364,0.48948,37,46,48,35,35,36,17,72,36,59,76,4,5,5,4,4,4,3,5.5,4,6,4,NA,NA
7,7,"DBH.cm, CanopyDiameter.m",2,"Species&Site","MixedIntSlope",72,5,"7.MixedIntSlope_Species&Site",0.95929,53.07218,106.1621,0.23329,0.05875,0.27226,0.02833,1,0.23864,NA,1.22593,0.6178,15,19,27,14,14,16,3,72,13,60,90,1,2,4,1,1,2,1,5,1,4,6,NA,NA
7,7,"DBH.cm, CanopyDiameter.m",2,"Species","MixedIntSlope",73,6,"7.MixedIntSlope_Species",0.94202,97.60047,130.78167,0.2834,0.07137,0.33398,0.0423,1,0.28546,NA,1.38885,0.36138,41,35,36,42,42,50,16,72,42,61,59,5,6,6,5,5,6,3,5,5,5,2,NA,NA
7,7,"DBH.cm, CanopyDiameter.m",2,"Site","MixedIntSlope",74,7,"7.MixedIntSlope_Site",0.95663,55.34922,88.53042,0.24672,0.06213,0.3116,0.05643,1,0.25089,NA,1.27237,0.58367,20,22,19,22,22,37,45,72,22,62,84,3,3,3,3,3,5,5,5,3,6,5,NA,NA
8,8,"DBH.cm, WoodDensity.g.cm3",2,"Species&Site","MixedIntSlope",75,5,"8.MixedIntSlope_Species&Site",0.9547,109.55219,166.76737,0.2585,0.06488,0.29326,0.06986,1,0.26462,NA,1.00024,0.49117,23,42,51,27,27,25,66,72,27,63,77,2,2,4,2,2,3,6,5,2,4,5,NA,NA
8,8,"DBH.cm, WoodDensity.g.cm3",2,"Species","MixedIntSlope",76,6,"8.MixedIntSlope_Species",0.93686,157.93018,193.68967,0.30727,0.07712,0.32691,0.06581,1,0.30894,NA,1.00131,0.23711,46,54,60,50,50,48,61,72,50,64,37,5,5,6,5,5,6,5,5,5,5,2,NA,NA
8,8,"DBH.cm, WoodDensity.g.cm3",2,"Site","MixedIntSlope",77,7,"8.MixedIntSlope_Site",0.96384,48.19225,83.95174,0.23288,0.05845,0.30038,0.08496,1,0.23869,NA,1,0.59342,9,17,14,13,10,31,79,72,14,65,87,1,1,1,1,1,4,7,5,1,6,6,NA,NA
9,9,"Height.m, CanopyDiameter.m",2,"Species&Site","MixedInt",78,2,"9.MixedInt_Species&Site",0.85893,262.24812,282.15684,0.43368,0.10922,0.44527,0.09228,1,0.43811,NA,1.31573,0.08762,70.5,69,69,70.5,70.5,62,89,72,70.5,66,15.5,3.5,4,4,3.5,3.5,1,6,4,3.5,2,3.5,NA,NA
9,9,"Height.m, CanopyDiameter.m",2,"Species&Site","MixedIntSlope",79,3,"9.MixedIntSlope_Species&Site",0.87459,276.56181,329.65173,0.42041,0.10588,0.46659,0.11777,1,0.42581,NA,1.19692,0.17969,67,76,83,67,67,75,103,72,67,67,31,2,7,7,2,2,7,7,4,2,3,6,NA,NA
9,9,"Height.m, CanopyDiameter.m",2,"Species","MixedInt",80,4,"9.MixedInt_Species",0.84501,262.55266,279.14326,0.44936,0.11317,0.45308,0.06597,1,0.44936,NA,1.1334,0,76,71,67,77.5,77.5,68,62,72,75,68,2,6,5,3,6.5,6.5,4,3,4,6,4,1,NA,NA
9,9,"Height.m, CanopyDiameter.m",2,"Species","MixedIntSlope",81,5,"9.MixedIntSlope_Species",0.8551,268.20741,301.38861,0.43763,0.11021,0.44661,0.08843,1,0.44005,NA,1.03999,0.05628,74,74,76,72,72,64,83,72,72,69,11,5,6,6,5,5,2,4,4,5,5,2,NA,NA
9,9,"Height.m, CanopyDiameter.m",2,"Site","MixedInt",82,6,"9.MixedInt_Site",0.85893,260.24812,276.83872,0.43368,0.10922,0.45413,0.05892,0,0.43811,0.08762,1.31573,0.08762,70.5,65,65,70.5,70.5,69,49,24,70.5,41,15.5,3.5,2,2,3.5,3.5,5,1,1,3.5,1,3.5,NA,NA
9,9,"Height.m, CanopyDiameter.m",2,"Site","MixedIntSlope",83,7,"9.MixedIntSlope_Site",0.88398,254.384,287.5652,0.40511,0.10202,0.45846,0.09129,1,0.4123,NA,1.08494,0.1668,66,64,72,66,66,73,88,72,66,70,29,1,1,5,1,1,6,5,4,1,6,5,NA,NA
10,10,"Height.m, WoodDensity.g.cm3",2,"Species&Site","MixedIntSlope",84,6,"10.MixedIntSlope_Species&Site",0.77284,557.47636,613.09978,0.67322,0.16892,0.78873,0.13272,1,0.68676,NA,1.00095,0.43918,91,106,107,102,102,106,107,72,101,71,68,2,4,4,2,2,4,5,5.5,2,5,4,NA,NA
10,10,"Height.m, WoodDensity.g.cm3",2,"Species","MixedIntSlope",85,7,"10.MixedIntSlope_Species",0.54331,597.88335,632.64798,0.79314,0.19901,0.83286,0.15658,1,0.79776,NA,1.00136,0.08053,107,110,112,107,107,110,111,72,107,72,14,5,6,7,5,5,6,7,5.5,5,6,1,NA,NA
11,11,"CanopyDiameter.m, WoodDensity.g.cm3",2,"Species&Site","MixedInt",86,3,"11.MixedInt_Species&Site",0.76718,374.5347,394.44342,0.56218,0.14158,0.57461,0.11923,1,0.56922,NA,1.03954,0.2403,93.5,91,89,89.5,89.5,86,104,72,89.5,73,40.5,3.5,3,2,3.5,3.5,1,7,4.5,3.5,3,3.5,NA,NA
11,11,"CanopyDiameter.m, WoodDensity.g.cm3",2,"Species&Site","MixedIntSlope",87,4,"11.MixedIntSlope_Species&Site",0.81624,384.85934,437.94926,0.53293,0.13421,0.59511,0.11634,1,0.54464,NA,1.00008,0.27245,85,92,98,86,86,90,102,72,86,74,45,1,4,7,1,1,3,6,4.5,1,4,5,NA,NA
11,11,"CanopyDiameter.m, WoodDensity.g.cm3",2,"Species","MixedInt",88,5,"11.MixedInt_Species",0.71417,395.65207,412.24267,0.61629,0.15521,0.6332,0.08848,0,0.61887,0.01894,1.02758,0.01894,104,96,95,96,96,96,84,24,96,44,6,6,6,5,6,6,6,4,1.5,6,2,1,NA,NA
11,11,"CanopyDiameter.m, WoodDensity.g.cm3",2,"Species","MixedIntSlope",89,6,"11.MixedIntSlope_Species",0.72978,403.46969,436.65089,0.60632,0.1527,0.61836,0.08372,1,0.6111,NA,1.02222,0.06851,102,98,97,93,93,91,75,72,93,75,12,5,7,6,5,5,4,3,4.5,5,5,2,NA,NA
11,11,"CanopyDiameter.m, WoodDensity.g.cm3",2,"Site","MixedIntSlope",90,7,"11.MixedIntSlope_Site",0.80272,374.46346,407.64466,0.53565,0.1349,0.62295,0.10616,1,0.54725,NA,1.00077,0.30184,88,90,93,87,87,93,94,72,87,76,50,2,2,3,2,2,5,5,4.5,2,6,6,NA,NA
12,12,"DBH.cm, Height.m, CanopyDiameter.m",3,"Species&Site","MixedIntSlope",91,5,"12.MixedIntSlope_Species&Site",0.9733,12.64988,88.96664,0.19137,0.04819,0.35874,0.08035,1,0.19953,NA,1.18927,0.63548,2,3,20,1,1,58,73,72,2,77,91,1,1,6,1,1,7,6,5,1,4,6,NA,NA
12,12,"DBH.cm, Height.m, CanopyDiameter.m",3,"Species","MixedIntSlope",92,6,"12.MixedIntSlope_Species",0.9555,56.21383,102.66751,0.24358,0.06134,0.33675,0.1242,1,0.2478,NA,1.30811,0.29452,22,23,23,18,18,51,106,72,19,78,49,4,6,7,4,4,6,7,5,4,5,3,NA,NA
12,12,"DBH.cm, Height.m, CanopyDiameter.m",3,"Site","MixedIntSlope",93,7,"12.MixedIntSlope_Site",0.96424,38.51209,84.96577,0.22335,0.05625,0.30096,0.06617,1,0.23028,NA,1.26743,0.54039,8,10,15,8,8,33,63,72,8,79,81,2,3,4,2,2,5,5,5,2,6,5,NA,NA
13,13,"DBH.cm, Height.m, WoodDensity.g.cm3",3,"Species&Site","MixedInt",94,4,"13.MixedInt_Species&Site",0.94846,77.32483,101.66007,0.26309,0.06601,0.27181,0.02861,1,0.2666,NA,1.96414,0.2709,32.5,29,22,28.5,28.5,15,4,72,28.5,80,43.5,3.5,4,3,3.5,3.5,2,1,4.5,3.5,3,2.5,NA,NA
13,13,"DBH.cm, Height.m, WoodDensity.g.cm3",3,"Species&Site","MixedIntSlope",95,5,"13.MixedIntSlope_Species&Site",0.96873,35.48142,115.44008,0.20662,0.05184,0.35734,0.05956,1,0.21461,NA,1.03785,0.66619,5,9,30,3,3,57,50,72,4,81,93,1,2,4,1,1,6,6,4.5,1,4,6,NA,NA
13,13,"DBH.cm, Height.m, WoodDensity.g.cm3",3,"Species","MixedIntSlope",96,6,"13.MixedIntSlope_Species",0.94505,101.44844,150.11893,0.27042,0.06785,0.31402,0.04492,1,0.27343,NA,1.02037,0.37327,36,37,47,33,33,39,24,72,33,82,61,5,5,7,5,5,5,4,4.5,5,5,4,NA,NA
13,13,"DBH.cm, Height.m, WoodDensity.g.cm3",3,"Site","MixedIntSlope",97,7,"13.MixedIntSlope_Site",0.96696,21.0196,69.69009,0.21041,0.0528,0.36506,0.07195,1,0.21813,NA,1.03989,0.60025,7,6,11,6,5,60,69,72,7,83,88,2,1,1,2,2,7,7,4.5,2,6,5,NA,NA
14,14,"DBH.cm, CanopyDiameter.m, WoodDensity.g.cm3",3,"Species&Site","MixedInt",98,4,"14.MixedInt_Species&Site",0.95921,42.43938,65.66622,0.24363,0.06136,0.25612,0.04871,1,0.24702,NA,2.86642,0.51767,16.5,13,7,19.5,20,8,33,72,16.5,84,79,3.5,4,3,3.5,3.5,2,3,4.5,3.5,3,3,NA,NA
14,14,"DBH.cm, CanopyDiameter.m, WoodDensity.g.cm3",3,"Species&Site","MixedIntSlope",99,5,"14.MixedIntSlope_Species&Site",0.96902,28.71667,105.03343,0.20992,0.05287,0.3528,0.03942,1,0.21543,NA,1.20546,0.70321,4,8,25,5,6,56,11,72,5,85,95,1,2,4,1,1,6,1,4.5,1,4,6,NA,NA
14,14,"DBH.cm, CanopyDiameter.m, WoodDensity.g.cm3",3,"Species","MixedIntSlope",100,6,"14.MixedIntSlope_Species",0.94279,103.20755,149.66123,0.28187,0.07099,0.30575,0.08098,1,0.28427,NA,1.51198,0.27687,40,39,46,41,41,34,74,72,41,86,46,5,6,7,5,5,4,6,4.5,5,5,2,NA,NA
14,14,"DBH.cm, CanopyDiameter.m, WoodDensity.g.cm3",3,"Site","MixedIntSlope",101,7,"14.MixedIntSlope_Site",0.96844,11.10731,57.56099,0.21178,0.05333,0.45776,0.05458,1,0.21668,NA,1.3024,0.69335,6,2,5,7,7,71,40,72,6,87,94,2,1,1,2,2,7,4,4.5,2,6,5,NA,NA
15,15,"Height.m, CanopyDiameter.m, WoodDensity.g.cm3",3,"Species&Site","MixedInt",102,2,"15.MixedInt_Species&Site",0.85999,263.75511,286.98195,0.43277,0.10899,0.44937,0.09442,1,0.43727,NA,1.40322,0.09344,68.5,72,71,68.5,68.5,65,91,72,68.5,88,20,3.5,4,4,3.5,3.5,2,6,4,3.5,2,4,NA,NA
15,15,"Height.m, CanopyDiameter.m, WoodDensity.g.cm3",3,"Species&Site","MixedIntSlope",103,3,"15.MixedIntSlope_Species&Site",0.89066,276.97482,353.29158,0.39774,0.10017,0.48294,0.05526,1,0.40619,NA,1.0542,0.19373,64,77,84,64,64,81,42,72,64,89,33,1,7,7,1,1,6,3,4,1,3,6,NA,NA
15,15,"Height.m, CanopyDiameter.m, WoodDensity.g.cm3",3,"Species","MixedInt",104,4,"15.MixedInt_Species",0.84515,264.37465,284.28337,0.44916,0.11312,0.45596,0.05518,1,0.44916,NA,1.22131,0,75,73,70,75.5,75.5,70,41,72,74,90,2,6,5,3,6.5,6.5,4,2,4,6,4,1,NA,NA
15,15,"Height.m, CanopyDiameter.m, WoodDensity.g.cm3",3,"Species","MixedIntSlope",105,5,"15.MixedIntSlope_Species",0.85629,276.27771,322.73139,0.438,0.11031,0.44655,0.06781,1,0.44036,NA,1.06469,0.04082,73,75,82,73,73,63,64,72,73,91,9,5,6,6,5,5,1,4,4,5,5,2,NA,NA
15,15,"Height.m, CanopyDiameter.m, WoodDensity.g.cm3",3,"Site","MixedInt",106,6,"15.MixedInt_Site",0.85999,261.75511,281.66383,0.43277,0.10899,0.458,0.04087,0,0.43727,0.09343,1.40322,0.09343,68.5,68,68,68.5,68.5,72,13,24,68.5,39,18.5,3.5,2,2,3.5,3.5,5,1,1,3.5,1,3,NA,NA
15,15,"Height.m, CanopyDiameter.m, WoodDensity.g.cm3",3,"Site","MixedIntSlope",107,7,"15.MixedIntSlope_Site",0.88578,260.98305,307.43673,0.40361,0.10165,0.55734,0.12397,1,0.41068,NA,1.11586,0.17949,65,67,80,65,65,83,105,72,65,92,30,2,1,5,2,2,7,7,4,2,6,5,NA,NA
16,16,"DBH.cm, Height.m, CanopyDiameter.m, WoodDensity.g.cm3",4,"Species&Site","MixedInt",108,3,"16.MixedInt_Species&Site",0.96152,20.56644,47.1114,0.23236,0.05852,0.23645,0.05301,1,0.2354,NA,4.2076,0.33031,10.5,5,2,10.5,11.5,1,38,72,9.5,93,53.5,3.5,3,2,3.5,3.5,1,3,4.5,3.5,3,2.5,NA,NA
16,16,"DBH.cm, Height.m, CanopyDiameter.m, WoodDensity.g.cm3",4,"Species&Site","MixedIntSlope",109,4,"16.MixedIntSlope_Species&Site",0.96921,41.1824,140.726,0.20835,0.05247,0.36257,0.16378,1,0.21432,NA,1.81462,0.60886,3,12,42,4,4,59,112,72,3,94,89,2,4,7,2,2,7,7,4.5,2,4,5,NA,NA
16,16,"DBH.cm, Height.m, CanopyDiameter.m, WoodDensity.g.cm3",4,"Species","MixedInt",110,5,"16.MixedInt_Species",0.95021,47.51117,70.73801,0.25708,0.06474,0.2629,0.05718,0,0.25874,0.09169,4.17524,0.09169,28,15,12,26,26,11,46,24,25,40,17,6,5,4,6,6,3,4,1.5,6,2,1,NA,NA
16,16,"DBH.cm, Height.m, CanopyDiameter.m, WoodDensity.g.cm3",4,"Species","MixedIntSlope",111,6,"16.MixedIntSlope_Species",0.95685,58.21333,117.93949,0.24284,0.06116,0.29563,0.06086,1,0.24609,NA,1.32788,0.3468,19,24,32,16,17,28,54,72,15,95,56,5,7,6,5,5,5,5,4.5,5,5,4,NA,NA
16,16,"DBH.cm, Height.m, CanopyDiameter.m, WoodDensity.g.cm3",4,"Site","MixedIntSlope",112,7,"16.MixedIntSlope_Site",0.9741,-8.6544,51.07176,0.1923,0.04843,0.32521,0.09658,1,0.19864,NA,1.24726,0.66402,1,1,4,2,2,46,92,72,1,96,92,1,1,3,1,1,6,6,4.5,1,6,6,NA,NA
